OBJECTID *,ID,Region,Type,Name,Description,Link to map,Link to web page,Latitude,Longitude,WEBSITE,PIC_URL,Visited
1,K4,Kluane,Campground,Aishihik Lake,"Aishihik is a misspelling of the Southern Tutchone word Äshèyi, which refers to the village site “at the head of the lake, base of the mountains, where the ranges meet.” The lake is also called Män Shäw* for “big lake.” The Aishihik bison herd was re-introduced to this area in the 1980s. Look for tracks and scat along the roadside. This long lake is popular for fishing, but beware of strong winds and waves. Check for road conditions and exercise caution on the narrow gravel road.",https://yukon.ca/sites/yukon.ca/files/env/env-aishihik-lake-campground.pdf,https://yukon.ca/en/outdoor-recreation-and-wildlife/camping/site/aishihik-lake,61.197,-136.995,https://yukon.ca/en/outdoor-recreation-and-wildlife/camping/site/aishihik-lake,https://ftp-env-public.gov.yk.ca/yukon.maps.arcgis.com/camprec/photo/K4.jpg,Yes
2,WL3,Watson Lake,Campground,Big Creek,"A shallow, rocky creek flows right next to the campground with a pathway leading along the bank. A couple of campsites are located right at the water's edge.",https://yukon.ca/sites/yukon.ca/files/env/env-big-creek-campground.pdf,https://yukon.ca/en/outdoor-recreation-and-wildlife/camping/site/big-creek,60.158,-129.707,https://yukon.ca/en/outdoor-recreation-and-wildlife/camping/site/big-creek,https://ftp-env-public.gov.yk.ca/yukon.maps.arcgis.com/camprec/photo/WL3.jpg,No
3,K7,Kluane,Campground,Congdon Creek,"Due to the high grizzly bear use of the are, tenting is only allowed inside the electric fence. The Southern Tutchone and official alternate name for the creek, Khär Shän Nji, means “big roots broken down,” recalling flash floods that occurred long ago. A 500 m interpretive trail beginning at the campground leads along the shoreline of ?ù’àn Män (Kluane Lake), Yukon’s largest lake. Make noise and bring your bear spray!",https://yukon.ca/sites/yukon.ca/files/env/env-congdon-creek-campground.pdf,https://yukon.ca/en/outdoor-recreation-and-wildlife/camping/site/congdon-creek,61.15,-138.557,https://yukon.ca/en/outdoor-recreation-and-wildlife/camping/site/congdon-creek,https://ftp-env-public.gov.yk.ca/yukon.maps.arcgis.com/camprec/photo/K7.jpg,Yes
4,SL9,Southern Lakes,Campground,Conrad,"Yukon’s newest campground is located on Tagish Lake’s Windy Arm, about 16 km south of Carcross. Several sites overlook the lake, and the campground offers a new playground, viewing scope and walk-in sites. Explore the adjacent Conrad Historic Site, where the small town of Conrad City supported the Venus silver mine in the early 1900s. The campground is also a base for nearby hikes. The Sam McGee Trail was named after the man made famous by Robert Service's poetry, who also built the first road from Carcross to the mine’s tramway. Also called the Mountain Hero Trail, it connects with the rest of Carcross's famous mountain bike trail system.",https://yukon.ca/sites/yukon.ca/files/env/env-conrad-campground.pdf,https://yukon.ca/en/outdoor-recreation-and-wildlife/camping/site/conrad,60.063,-133.756,https://yukon.ca/en/outdoor-recreation-and-wildlife/camping/site/conrad,https://ftp-env-public.gov.yk.ca/yukon.maps.arcgis.com/camprec/photo/SL9.jpg,Yes
5,K12,Kluane,Campground,Dezadeash Lake,"Those pitching a tent should secure it well as this spot is known for its high winds. Popular for lake trout fishing, Dezadeash is also one of Yukon’s warmer lakes due to its shallowness. Various migratory birds stage here on their spring journey. The name Dáas’ediyaash* is of Tlingit origin. The lake’s Southern Tutchone name, Titl’àt Män*, “end of lake,” refers to its position at the head of the drainage system.",https://yukon.ca/sites/yukon.ca/files/env/env-dezadeash-lake-campground.pdf,https://yukon.ca/en/outdoor-recreation-and-wildlife/camping/site/dezadeash-lake,60.398,-137.047,https://yukon.ca/en/outdoor-recreation-and-wildlife/camping/site/dezadeash-lake,https://ftp-env-public.gov.yk.ca/yukon.maps.arcgis.com/camprec/photo/K12.jpg,Yes
6,C5,Campbell,Campground,Drury Creek,"Popular among local Faroites, the campground provides beautiful views of Little Salmon Lake. A variety of songbirds nest in the rich creekside habitats.",https://yukon.ca/sites/yukon.ca/files/env/env-drury-creek-campground.pdf,https://yukon.ca/en/outdoor-recreation-and-wildlife/camping/site/drury-creek,62.199,-134.378,https://yukon.ca/en/outdoor-recreation-and-wildlife/camping/site/drury-creek,https://ftp-env-public.gov.yk.ca/yukon.maps.arcgis.com/camprec/photo/C5.jpg,No
7,N2,North Yukon,Campground,Engineer Creek,"This campground lies in the shadow of Sapper Hill (Divii Ddhaa), a looming collection of dolomite cliffs that make for a spectacular sight and a popular day hike. Sapper is the nickname for army engineers, and the hill is named in honour of the Third Royal Canadian Army Engineers who constructed the Ogilvie Bridge. Peregrine falcons and golden eagles often appear amidst the bluffs.",https://yukon.ca/sites/yukon.ca/files/env/env-engineer-creek-campground.pdf,https://yukon.ca/en/outdoor-recreation-and-wildlife/camping/site/engineer-creek,65.351,-138.273,https://yukon.ca/en/outdoor-recreation-and-wildlife/camping/site/engineer-creek,https://ftp-env-public.gov.yk.ca/yukon.maps.arcgis.com/camprec/photo/N2.jpg,No
8,ST1,Silver Trail,Campground,Ethel Lake,"This campground sits on a narrow strip of elevated land right by the water. Ethel Lake is a scenic and popular location for boating and angling. The name Takwä?nt?ye, “handling fire (torches) by the lake shore (to attract fish),” indicates the site’s importance to the Northern Tutchone people for fishing, which continues to this day. The road to the campground has steep sections and may not be suitable for larger vehicles.",https://yukon.ca/sites/yukon.ca/files/env/env-ethel-lake-campground.pdf,https://yukon.ca/en/outdoor-recreation-and-wildlife/camping/site/ethel-lake,63.377,-136.251,https://yukon.ca/en/outdoor-recreation-and-wildlife/camping/site/ethel-lake,https://ftp-env-public.gov.yk.ca/yukon.maps.arcgis.com/camprec/photo/ST1.jpg,No
9,KD1,Klondike,Recreation Site,Five Finger Rapids,"A great stop to stretch your legs while driving the North Klondike Highway, this site features a 219-step staircase and trail, which leads to a viewing platform overlooking the Five Finger Rapids. So named because of the four islands that split the river into five channels, Five Finger Rapids was a significant hazard for many gold seekers coming down the river during the Klondike Gold Rush. In the 1900s this channel was widened several times using explosives. Interpretive panels on the staircase and platform describe the history of the area as well as local flora and fauna.",https://yukon.ca/sites/yukon.ca/files/env/env-five-finger-rapids-recreation-site.pdf,https://yukon.ca/en/outdoor-recreation-and-wildlife/camping/site/five-finger-rapids,62.273,-136.343,https://yukon.ca/en/outdoor-recreation-and-wildlife/camping/site/five-finger-rapids,https://ftp-env-public.gov.yk.ca/yukon.maps.arcgis.com/camprec/photo/KD1.jpg,No
10,ST3,Silver Trail,Recreation Site,Five Mile Lake,"The water in the nearby lake is warmer than most in Yukon, making it a popular swimming hole. The recreation site and nearby campground are situated on the lakefront under a dense cover of black and white spruce and willow. An easy five-kilometre trail jogs around the lake and connects the two sites. Many campers make a trip to Keno from here. ",https://yukon.ca/sites/yukon.ca/files/env/env-five-mile-lake-recreation-site.pdf,https://yukon.ca/en/outdoor-recreation-and-wildlife/camping/site/five-mile-lake-0,63.656,-135.872,https://yukon.ca/en/outdoor-recreation-and-wildlife/camping/site/five-mile-lake-0,https://ftp-env-public.gov.yk.ca/yukon.maps.arcgis.com/camprec/photo/ST3.jpg,No
11,ST2,Silver Trail,Campground,Five Mile Lake,"The water in the nearby lake is warmer than most in Yukon, making it a popular swimming hole. The campground and nearby recreation site are situated on the lakefront under a dense cover of black and white spruce and willow. An easy five-kilometre trail jogs around the lake and connects the two sites. Many campers make a trip to Keno from here.",https://yukon.ca/sites/yukon.ca/files/env/env-five-mile-lake-recreation-site.pdf,https://yukon.ca/en/outdoor-recreation-and-wildlife/camping/site/five-mile-lake,63.653,-135.876,https://yukon.ca/en/outdoor-recreation-and-wildlife/camping/site/five-mile-lake,https://ftp-env-public.gov.yk.ca/yukon.maps.arcgis.com/camprec/photo/ST2.jpg,No
12,W3,Whitehorse,Campground,Fox Lake,"Close to the highway, this campground provides ready access to Fox Lake, a favourite for boaters. The sheltered bay at the south end of the lake makes for a great canoeing spot. Muskrats are a common sight as they feed on aquatic vegetation.",https://yukon.ca/sites/yukon.ca/files/env/env-fox-lake-campground.pdf,https://yukon.ca/en/outdoor-recreation-and-wildlife/camping/site/fox-lake,61.248,-135.459,https://yukon.ca/en/outdoor-recreation-and-wildlife/camping/site/fox-lake,https://ftp-env-public.gov.yk.ca/yukon.maps.arcgis.com/camprec/photo/W3.jpg,Yes
13,C2,Campbell,Campground,Frances Lake,"A popular destination for anglers, this campground has many sites close to the shore. Interpretive panels describe the importance of wetlands in the region. Implied by its Kaska name Tu Cho, or “big water”, windy conditions are common, so please exercise caution when boating. Yukon’s first trading post operated here from 1842 to 1851, built by Robert Campbell for the Hudson’s Bay Company.",https://yukon.ca/sites/yukon.ca/files/env/env-frances-lake-campground.pdf,https://yukon.ca/en/outdoor-recreation-and-wildlife/camping/site/frances-lake,61.404,-129.626,https://yukon.ca/en/outdoor-recreation-and-wildlife/camping/site/frances-lake,https://ftp-env-public.gov.yk.ca/yukon.maps.arcgis.com/camprec/photo/C2.jpg,No
14,KD6,Klondike,Campground,Frenchman Lake,"This small, cozy campground offers good access to Frenchman Lake for boating and swimming from the dock. Check for road conditions before you go, and drive carefully on this winding gravel road, especially after rain.",https://yukon.ca/sites/yukon.ca/files/env/env-frenchman-lake-campground.pdf,https://yukon.ca/en/outdoor-recreation-and-wildlife/camping/site/frenchman-lake,62.118,-135.698,https://yukon.ca/en/outdoor-recreation-and-wildlife/camping/site/frenchman-lake,https://ftp-env-public.gov.yk.ca/yukon.maps.arcgis.com/camprec/photo/KD6.jpg,Yes
15,C4,Campbell,Campground,Johnson Lake,"This small campground lies on the shore of a marshy lake. Many waterbirds linger here, and you may hear loons at night. The campground is also a great base for visiting Faro, Ross River and the North and South Canol roads.",https://yukon.ca/sites/yukon.ca/files/env/env-johnson-lake-campground.pdf,https://yukon.ca/en/outdoor-recreation-and-wildlife/camping/site/johnson-lake,62.209,-133.405,https://yukon.ca/en/outdoor-recreation-and-wildlife/camping/site/johnson-lake,https://ftp-env-public.gov.yk.ca/yukon.maps.arcgis.com/camprec/photo/C4.jpg,No
17,KD4,Klondike,Campground,Klondike River,"Located 20 km outside Dawson City, this campground features a 1.7 km interpretive trail and boardwalk to the Klondike River through a noticeably older-growth patch of forest that wasn't dredged or cut during the Gold Rush. There is a rich variety of plant life in the area.",https://yukon.ca/sites/yukon.ca/files/env/env-klondike-river-campground.pdf,https://yukon.ca/en/outdoor-recreation-and-wildlife/camping/site/klondike-river,64.049,-139.112,https://yukon.ca/en/outdoor-recreation-and-wildlife/camping/site/klondike-river,https://ftp-env-public.gov.yk.ca/yukon.maps.arcgis.com/camprec/photo/KD4.jpg,No
18,SL5,Southern Lakes,Recreation Site,Kookatsoon Lake,"This site features a small, sandy beach and a playground, making it a popular stop for families.",https://yukon.ca/sites/yukon.ca/files/env/env-kookatsoon-lake-recreation-site.pdf,https://yukon.ca/en/outdoor-recreation-and-wildlife/camping/site/kookatsoon-lake,60.559,-134.878,https://yukon.ca/en/outdoor-recreation-and-wildlife/camping/site/kookatsoon-lake,https://ftp-env-public.gov.yk.ca/yukon.maps.arcgis.com/camprec/photo/SL5.jpg,Yes
19,K2,Kluane,Campground,Kusawa Lake,"The lower Takhini River begins at Kusawa Lake, and many kayakers and canoeists launch their river journey at the campground. Kusawa Lake is popular for boating, fishing and hiking in the nearby mountains, but beware of high winds and waves. With binoculars, you may see Dall’s sheep on the mountains. If you plan to camp here on a long weekend, have a back-up plan in case the campground is full.",https://yukon.ca/sites/yukon.ca/files/env/env-kusawa-lake-campground.pdf,https://yukon.ca/en/outdoor-recreation-and-wildlife/camping/site/kusawa-lake,60.585,-136.146,https://yukon.ca/en/outdoor-recreation-and-wildlife/camping/site/kusawa-lake,https://ftp-env-public.gov.yk.ca/yukon.maps.arcgis.com/camprec/photo/K2.jpg,Yes
20,K8,Kluane,Campground,Lake Creek,"This wooded campground sits in a scenic location at the base of the Kluane mountains in the midst of a spruce, willow and alder forest. Some sites are located along the Koidern River, Northern Tutchone for water lily.",https://yukon.ca/sites/yukon.ca/files/env/env-lake-creek-campground.pdf,https://yukon.ca/en/outdoor-recreation-and-wildlife/camping/site/lake-creek,61.857,-140.149,https://yukon.ca/en/outdoor-recreation-and-wildlife/camping/site/lake-creek,https://ftp-env-public.gov.yk.ca/yukon.maps.arcgis.com/camprec/photo/K8.jpg,No
21,W2,Whitehorse,Campground,Lake Laberge,"Lake Laberge is best known as the fictional setting for Robert Service’s poem “The Cremation of Sam McGee.” For thousands of years, Tàa’an Män, meaning “head of the lake,” has been the homeland and gathering place for Southern Tutchone people. The campground is a starting point for boaters heading out on the lake or down the Yukon River. Paddlers should exercise caution as the lake is subject to mighty winds. The lake is a good place to view waterfowl, and if you’re lucky, double-crested cormorant.",https://yukon.ca/sites/yukon.ca/files/env/env-lake-laberge-campground.pdf,https://yukon.ca/en/outdoor-recreation-and-wildlife/camping/site/lake-laberge,61.076,-135.202,https://yukon.ca/en/outdoor-recreation-and-wildlife/camping/site/lake-laberge,https://ftp-env-public.gov.yk.ca/yukon.maps.arcgis.com/camprec/photo/W2.jpg,No
22,C3,Campbell,Campground,Lapie Canyon,"A trail follows the edge of this small canyon. This is a great place for kayaking, canoeing and rafting if you're up for braving the rapids. The canyon walls are home to many cliff nesting birds, including ravens, and the rare Yukon goldenweed blooms here in May.",https://yukon.ca/sites/yukon.ca/files/env/env-lapie-canyon-campground.pdf,https://yukon.ca/en/outdoor-recreation-and-wildlife/camping/site/lapie-canyon,61.981,-132.605,https://yukon.ca/en/outdoor-recreation-and-wildlife/camping/site/lapie-canyon,https://ftp-env-public.gov.yk.ca/yukon.maps.arcgis.com/camprec/photo/C3.jpg,No
23,WL1,Watson Lake,Recreation Site,Liard Canyon,Take a hike along the 2.2 km (one-way) forested trail and learn about the natural and cultural history of the area from various interpretive panels. The trail ends at the Liard River with a view of the canyon. The parking lot is shared with the Town of Watson Lake's Lucky Lake day-use area.,https://yukon.ca/sites/yukon.ca/files/env/env-liard-canyon-recreation-site.pdf,https://yukon.ca/en/outdoor-recreation-and-wildlife/camping/site/liard-canyon,60.019,-128.58,https://yukon.ca/en/outdoor-recreation-and-wildlife/camping/site/liard-canyon,https://ftp-env-public.gov.yk.ca/yukon.maps.arcgis.com/camprec/photo/WL1.jpg,No
24,C6,Campbell,Campground,Little Salmon Lake,"This campground occupies a large open area right by the water on the west end of Little Salmon Lake. It’s Northern Tutchone name Chu Cho* means “big water”, so beware of winds and waves. Check for special fishing restrictions at this lake that protect sensitive lake trout populations.",https://yukon.ca/sites/yukon.ca/files/env/env-little-salmon-lake-campground.pdf,https://yukon.ca/en/outdoor-recreation-and-wildlife/camping/site/little-salmon-lake,62.188,-134.988,https://yukon.ca/en/outdoor-recreation-and-wildlife/camping/site/little-salmon-lake,https://ftp-env-public.gov.yk.ca/yukon.maps.arcgis.com/camprec/photo/C6.jpg,No
25,SL4,Southern Lakes,Recreation Site,Marsh Lake,"A popular beach in summer, Marsh Lake Campground has two loops with many sites adjacent to the lake. M'Clintock Bay is an important rest stop for thousands of trumpeter swans and other waterbirds on their spring migration. Visit the nearby Swan Haven Interpretive Centre during the month of April.",https://yukon.ca/sites/yukon.ca/files/env/env-marsh-lake-recreation-site.pdf,https://yukon.ca/en/outdoor-recreation-and-wildlife/camping/site/marsh-lake,60.561,-134.451,https://yukon.ca/en/outdoor-recreation-and-wildlife/camping/site/marsh-lake,https://ftp-env-public.gov.yk.ca/yukon.maps.arcgis.com/camprec/photo/SL4.jpg,Yes
26,SL3,Southern Lakes,Campground,Marsh Lake,"A popular beach in summer, Marsh Lake Campground has two loops with many sites adjacent to the lake. M'Clintock Bay is an important rest stop for thousands of trumpeter swans and other waterbirds on their spring migration. Visit the nearby Swan Haven Interpretive Centre during the month of April.",https://yukon.ca/sites/yukon.ca/files/env/env-marsh-lake-campground.pdf,https://yukon.ca/en/outdoor-recreation-and-wildlife/camping/site/marsh-lake,60.561,-134.448,https://yukon.ca/en/outdoor-recreation-and-wildlife/camping/site/marsh-lake,https://ftp-env-public.gov.yk.ca/yukon.maps.arcgis.com/camprec/photo/SL3.jpg,Yes
27,K13,Kluane,Campground,Million Dollar Falls,"A carefully crafted boardwalk leads to a lookout where visitors can watch the Takhanne River drop from a height of 60 metres. Million Dollar Falls is also the endpoint of the Chinook salmon upstream spawning run, which occurs in July. The name originates with a lavish U.S. army maintenance camp that was constructed here in the 1940s during the building of the Haines Road and Haines-to-Fairbanks pipeline, complete with barracks, officers' quarters and a 21-toilet bathing room. Rumour spread that the camp cost a million dollars to build, but it was never actually used.",https://yukon.ca/sites/yukon.ca/files/env/env-million-dollar-falls-campground.pdf,https://yukon.ca/en/outdoor-recreation-and-wildlife/camping/site/million-dollar-falls,60.108,-136.942,https://yukon.ca/en/outdoor-recreation-and-wildlife/camping/site/million-dollar-falls,https://ftp-env-public.gov.yk.ca/yukon.maps.arcgis.com/camprec/photo/K13.jpg,Yes
28,KD3,Klondike,Campground,Moose Creek,"An interpretive trail heads to the Stewart River along Moose Creek, through open forest to willows on the floodplain. Look for old spruce trees along the ridge. Both the river and creek have popular fishing holes. Be bear aware. The small ponds in the area mean mosquitoes are common in the summer, attracting birds such as the northern waterthrush, Wilson's warbler and common yellowthroat.",https://yukon.ca/sites/yukon.ca/files/env/env-moose-creek-campground.pdf,https://yukon.ca/en/outdoor-recreation-and-wildlife/camping/site/moose-creek,63.509,-137.026,https://yukon.ca/en/outdoor-recreation-and-wildlife/camping/site/moose-creek,https://ftp-env-public.gov.yk.ca/yukon.maps.arcgis.com/camprec/photo/KD3.jpg,Yes
29,WL5,Watson Lake,Recreation Site,Morley River,This great picnic spot sits next to the Alaska Highway where it crosses the Morley River. Carolyn Canyon lies several kilometres downstream.,https://yukon.ca/sites/yukon.ca/files/env/env-morley-river-recreation-site.pdf,https://yukon.ca/en/outdoor-recreation-and-wildlife/camping/site/morley-river,60.007,-132.138,https://yukon.ca/en/outdoor-recreation-and-wildlife/camping/site/morley-river,https://ftp-env-public.gov.yk.ca/yukon.maps.arcgis.com/camprec/photo/WL5.jpg,No
30,C10,Campbell,Campground,Nahanni Range,"Situated between the north and south Moose creeks on the east side of the highway, this campground looks out toward the Selwyn Mountains. It lies at the edge of a burn area caused by a large wildfire in the early 2000s. This is a convenient place for canoeists to camp before undertaking a multi-day journey on the Hyland River. Hunters also use this campground as a base in autumn. The bins here are serviced less frequently than other campgrounds due to its remote location. Please pack out your garbage.",https://yukon.ca/sites/yukon.ca/files/env/env-nahanni-range-campground.pdf,https://yukon.ca/en/outdoor-recreation-and-wildlife/camping/site/nahanni-range,61.27,-128.282,https://yukon.ca/en/outdoor-recreation-and-wildlife/camping/site/nahanni-range,https://ftp-env-public.gov.yk.ca/yukon.maps.arcgis.com/camprec/photo/C10.jpg,No
31,C7,Campbell,Recreation Site,Nisutlin River,"Accessible via a short gravel road, this is an ideal launch point for canoeists paddling the Nisutlin River to Teslin Lake, a 180 km trip. The Teslin Tlingit traditional portage from Quiet Lake to the Nisutlin River passes through this area.",https://yukon.ca/sites/yukon.ca/files/env/env-nisutlin-river-recreation-site.pdf,https://yukon.ca/en/outdoor-recreation-and-wildlife/camping/site/nisutlin-river,60.923,-132.959,https://yukon.ca/en/outdoor-recreation-and-wildlife/camping/site/nisutlin-river,https://ftp-env-public.gov.yk.ca/yukon.maps.arcgis.com/camprec/photo/C7.jpg,No
32,KD7,Klondike,Campground,Nunatuk,"From the Inuktitut word nunataq, Nunatuk refers to a mountain peak surrounded by a glacier. This campground provides good boat access to Frenchman Lake and a mix of sites in the forest and along the lake.",https://yukon.ca/sites/yukon.ca/files/env/env-nunatuk-campground.pdf,https://yukon.ca/en/outdoor-recreation-and-wildlife/camping/site/nunatuk,62.164,-135.799,https://yukon.ca/en/outdoor-recreation-and-wildlife/camping/site/nunatuk,https://ftp-env-public.gov.yk.ca/yukon.maps.arcgis.com/camprec/photo/KD7.jpg,Yes
33,K3,Kluane,Recreation Site,Otter Falls,"The rocks below the small waterfall are a favoured spot to cast a fishing line into the Aishihik River. The falls are aptly named Nadèlin, “water flowing over,” in Southern Tutchone. An engraving of Otter Falls appeared on the Canadian five dollar bill issued in 1954. You can reach the falls from a pull-off just south of the recreation site.",https://yukon.ca/sites/yukon.ca/files/env/env-otter-falls-recreation-site.pdf,https://yukon.ca/en/outdoor-recreation-and-wildlife/camping/site/otter-falls,61.082,-136.996,https://yukon.ca/en/outdoor-recreation-and-wildlife/camping/site/otter-falls,https://ftp-env-public.gov.yk.ca/yukon.maps.arcgis.com/camprec/photo/K3.jpg,Yes
34,K9,Kluane,Recreation Site,Pickhandle Lake,"For thousands of years, the Tlingit Chilkat, Southern and Northern Tutchone and Copper River peoples gathered here to trade. The English name mirrors its Southern Tutchone name Chetthel Chi, “stone axe handle lake,” alluding to the copper found nearby. A viewing deck and panels highlight the region as a vital bird migration corridor and an ideal place for bird watching in spring and fall. Moose, beaver, muskrat and otter also live here. The Pickhandle Lakes Habitat Protection Area can be explored by boat via the Koidern River",https://yukon.ca/sites/yukon.ca/files/env/env-pickhandle-lake-recreation-site.pdf,https://yukon.ca/en/outdoor-recreation-and-wildlife/camping/site/pickhandle-lake,61.921,-140.299,https://yukon.ca/en/outdoor-recreation-and-wildlife/camping/site/pickhandle-lake,https://ftp-env-public.gov.yk.ca/yukon.maps.arcgis.com/camprec/photo/K9.jpg,No
35,K5,Kluane,Campground,Pine Lake,"This popular campground and day-use area, close to Haines Junction, provides an excellent view of the Kluane and St. Elias Mountains. The Southern Tutchone name is Tsí Män, “red ochre lake,” referring to the crumbly red rock seen on Paint Mountain across the lake. There is a sandy beach with a swimming platform and a short interpretive trail and wheelchair-accessible boardwalk along the lake.",https://yukon.ca/sites/yukon.ca/files/env/env-pine-lake-campground.pdf,https://yukon.ca/en/outdoor-recreation-and-wildlife/camping/site/pine-lake,60.799,-137.489,https://yukon.ca/en/outdoor-recreation-and-wildlife/camping/site/pine-lake,https://ftp-env-public.gov.yk.ca/yukon.maps.arcgis.com/camprec/photo/K5.jpg,Yes
36,C9,Campbell,Campground,Quiet Lake North,"With access to the large lake, this campground is popular with anglers and hunters. Canoeists travelling on the Big Salmon River (Gyò Cho Chú / T’à Tlèn Hîni) to Carmacks launch from here on their 350 km journey. Both the Northern Tutchone and Tlingit names refer to the large salmon that spawn in the river from August to September, attracting grizzly bears.",https://yukon.ca/sites/yukon.ca/files/env/env-quiet-lake-north-campground.pdf,https://yukon.ca/en/outdoor-recreation-and-wildlife/camping/site/quiet-lake-north,61.151,-133.083,https://yukon.ca/en/outdoor-recreation-and-wildlife/camping/site/quiet-lake-north,https://ftp-env-public.gov.yk.ca/yukon.maps.arcgis.com/camprec/photo/C9.jpg,No
37,C8,Campbell,Campground,Quiet Lake South,"This beautiful campground sits in a quiet forest of lodgepole pine and white spruce. Good access to the water makes this a great place to go boating. The open forest and rocky area provides a natural playground for kids. Look for American mink, moose, coyote and songbirds on the shore. The lake’s Tlingit and Northern Tutchone names (Kìt Den Â and Chu L?) refer to its high location as a headwater.",https://yukon.ca/sites/yukon.ca/files/env/env-quiet-lake-south-campground.pdf,https://yukon.ca/en/outdoor-recreation-and-wildlife/camping/site/quiet-lake-south,61.059,-133.027,https://yukon.ca/en/outdoor-recreation-and-wildlife/camping/site/quiet-lake-south,https://ftp-env-public.gov.yk.ca/yukon.maps.arcgis.com/camprec/photo/C8.jpg,Yes
38,WL4,Watson Lake,Recreation Site,Rancheria Falls,"Follow the boardwalk for 0.5 km to reach the waterfall and read the interpretive panels along the way. The small American dipper can sometimes be seen feeding among the rapids. In winter, the Rancheria area is home to woodland caribou.",https://yukon.ca/sites/yukon.ca/files/env/env-rancheria-falls-recreation-site.pdf,https://yukon.ca/en/outdoor-recreation-and-wildlife/camping/site/rancheria-falls,60.08,-130.82,https://yukon.ca/en/outdoor-recreation-and-wildlife/camping/site/rancheria-falls,https://ftp-env-public.gov.yk.ca/yukon.maps.arcgis.com/camprec/photo/WL4.jpg,Yes
39,N3,North Yukon,Campground,Rock River,This riverside campground is a great place for a picnic or overnight stay on your Dempster Highway adventure and sits in one of the few stands of boreal forest in the region. The open tundra begins north of here and extends to the Beaufort Sea. The Arctic Circle is a 40 km drive to the south.,https://yukon.ca/sites/yukon.ca/files/env/env-rock-river-campground.pdf,https://yukon.ca/en/outdoor-recreation-and-wildlife/camping/site/rock-river,66.913,-136.356,https://yukon.ca/en/outdoor-recreation-and-wildlife/camping/site/rock-river,https://ftp-env-public.gov.yk.ca/yukon.maps.arcgis.com/camprec/photo/N3.jpg,No
40,C1,Campbell,Campground,Simpson Lake,"The lake is a popular spot for angling and is often used by hunters as base camp in the fall. Moose, waterbirds and nesting loons are common in this area.",https://yukon.ca/sites/yukon.ca/files/env/env-simpson-lake-campground.pdf,https://yukon.ca/en/outdoor-recreation-and-wildlife/camping/site/simpson-lake,60.676,-129.206,https://yukon.ca/en/outdoor-recreation-and-wildlife/camping/site/simpson-lake,https://ftp-env-public.gov.yk.ca/yukon.maps.arcgis.com/camprec/photo/C1.jpg,No
41,SL7,Southern Lakes,Campground,Snafu Lake,"The Snafu-Tarfu lake system is popular among Yukon residents for canoe trips. The small bays, islands and peninsulas make the lakes friendly for children and beginners. Check for special fishing restrictions at these lakes that help protect sensitive lake trout populations. Snafu is a military acronym for “Situation Normal — All ‘Fouled’ Up.” Both the Snafu and Tarfu campgrounds were former forest fire crew camps in the late 1950s. The U.S. army spent nearly half a million dollars to construct the camps, which were dismantled after the road’s completion.",https://yukon.ca/sites/yukon.ca/files/env/env-snafu-lake-campground.pdf,https://yukon.ca/en/outdoor-recreation-and-wildlife/camping/site/snafu-lake,60.131,-133.823,https://yukon.ca/en/outdoor-recreation-and-wildlife/camping/site/snafu-lake,https://ftp-env-public.gov.yk.ca/yukon.maps.arcgis.com/camprec/photo/SL7.jpg,Yes
42,K10,Kluane,Campground,Snag Junction,"Permafrost is responsible for the look of many lakes in the region, which are circular and surrounded by spruce leaning at odd angles. Located about a 15-minute drive from Beaver Creek, this is Yukon’s most westerly campground. This is a good place to see waterfowl and northern hawk owl.",https://yukon.ca/sites/yukon.ca/files/env/env-snag-junction-campground.pdf,https://yukon.ca/en/outdoor-recreation-and-wildlife/camping/site/snag-junction,62.239,-140.689,https://yukon.ca/en/outdoor-recreation-and-wildlife/camping/site/snag-junction,https://ftp-env-public.gov.yk.ca/yukon.maps.arcgis.com/camprec/photo/K10.jpg,No
43,K6,Kluane,Recreation Site,Spruce Beetle Trail,The trail traces a two-kilometre loop from the parking area to a viewing platform. Panels chronicle the spruce beetle lifecycle and its impact on Yukon forests.,https://yukon.ca/sites/yukon.ca/files/env/env-spruce-beetle-trail-recreation-site.pdf,https://yukon.ca/en/outdoor-recreation-and-wildlife/camping/site/spruce-beetle-trail,60.841,-137.768,https://yukon.ca/en/outdoor-recreation-and-wildlife/camping/site/spruce-beetle-trail,https://ftp-env-public.gov.yk.ca/yukon.maps.arcgis.com/camprec/photo/K6.jpg,No
44,SL2,Southern Lakes,Campground,Squanga Lake,The campground sits on the shore of Squanga Lake and has two floating docks. Squanga is the name of a variety of whitefish that is found here. Look for signs of the little brown bat at the bat house.,https://yukon.ca/sites/yukon.ca/files/env/env-squanga-lake-campground.pdf,https://yukon.ca/en/outdoor-recreation-and-wildlife/camping/site/squanga-lake,60.445,-133.603,https://yukon.ca/en/outdoor-recreation-and-wildlife/camping/site/squanga-lake,https://ftp-env-public.gov.yk.ca/yukon.maps.arcgis.com/camprec/photo/SL2.jpg,No
45,SL6,Southern Lakes,Recreation Site,Tagish Bridge,"This is where the Tagish River (also known as Six Mile River) enters Marsh Lake. Tagish means “break-up of ice” and in March, the first swans and waterfowl rest and feed at the early open water on their annual migration. Anglers fish for lake trout, lake cisco, Arctic grayling and several species of whitefish from the bridge, which you can access from the recreation site.",https://yukon.ca/sites/yukon.ca/files/env/env-tagish-bridge-recreation-site.pdf,https://yukon.ca/en/outdoor-recreation-and-wildlife/camping/site/tagish-bridge,60.316,-134.27,https://yukon.ca/en/outdoor-recreation-and-wildlife/camping/site/tagish-bridge,https://ftp-env-public.gov.yk.ca/yukon.maps.arcgis.com/camprec/photo/SL6.jpg,No
46,K1,Kluane,Campground,Takhini River,"The campground is a popular staging point for kayakers and canoeists heading down the Takhini River. The Takhini River and Kusawa Lake campgrounds are good bases to enjoy Kusawa Territorial Park, which includes parts of the Champagne and Aishihik, Kwanlin Dün and Carcross/Tagish First Nations' Traditional Territories.",https://yukon.ca/sites/yukon.ca/files/env/env-takhini-river-campground.pdf,https://yukon.ca/en/outdoor-recreation-and-wildlife/camping/site/takhini-river,60.654,-136.105,https://yukon.ca/en/outdoor-recreation-and-wildlife/camping/site/takhini-river,https://ftp-env-public.gov.yk.ca/yukon.maps.arcgis.com/camprec/photo/K1.jpg,No
47,SL8,Southern Lakes,Campground,Tarfu Lake,"In addition to its good paddling opportunities, Tarfu Lake is also a good place to spot mule deer and common nighthawk. Tarfu is an old military saying, meaning “Things Are Really ‘Fouled’ Up.” Check for special fishing restrictions at this lake that help protect sensitive lake trout populations.",https://yukon.ca/sites/yukon.ca/files/env/env-tarfu-lake-campground.pdf,https://yukon.ca/en/outdoor-recreation-and-wildlife/camping/site/tarfu-lake,60.074,-133.809,https://yukon.ca/en/outdoor-recreation-and-wildlife/camping/site/tarfu-lake,https://ftp-env-public.gov.yk.ca/yukon.maps.arcgis.com/camprec/photo/SL8.jpg,No
48,KD2,Klondike,Campground,Tatchun Creek,"The campground lies in a pleasant balsam poplar and white spruce forest next to the creek. Fishing is not permitted in Tatchun Creek (Tatchun River) from August 1 to September 30, to protect spawning Chinook salmon.",https://yukon.ca/sites/yukon.ca/files/env/env-tatchun-creek-campground.pdf,https://yukon.ca/en/outdoor-recreation-and-wildlife/camping/site/tatchun-creek,62.284,-136.314,https://yukon.ca/en/outdoor-recreation-and-wildlife/camping/site/tatchun-creek,https://ftp-env-public.gov.yk.ca/yukon.maps.arcgis.com/camprec/photo/KD2.jpg,No
49,KD8,Klondike,Campground,Tatchun Lake,"With many small bays, islands, and shoreline vegetation, Tatchän Män* is an interesting place to paddle. The dock at the campground is accessible by foot, whereas the boat launch is two kilometres away on Frenchman Road. Ancient camps on both lakes are still used today by the Little Salmon/Carmacks First Nation to fish whitefish, trap beaver and hunt caribou and moose.",https://yukon.ca/sites/yukon.ca/files/env/env-tatchun-lake-campground.pdf,https://yukon.ca/en/outdoor-recreation-and-wildlife/camping/site/tatchun-lake,62.299,-136.139,https://yukon.ca/en/outdoor-recreation-and-wildlife/camping/site/tatchun-lake,https://ftp-env-public.gov.yk.ca/yukon.maps.arcgis.com/camprec/photo/KD8.jpg,Yes
50,SL1,Southern Lakes,Campground,Teslin Lake,Many campsites overlook Teslin Lake and a trail from the campground’s kitchen shelter leads to the lakeshore. The Society of Yukon Bird Observatories maintains a seasonal bird-banding and migration monitoring station here. It is open mornings from August 1 to October 1. You can expect to see large numbers of songbirds and waterbirds during their fall migration.,https://yukon.ca/sites/yukon.ca/files/env/env-teslin-lake-campground.pdf,https://yukon.ca/en/outdoor-recreation-and-wildlife/camping/site/teslin-lake,60.233,-132.909,https://yukon.ca/en/outdoor-recreation-and-wildlife/camping/site/teslin-lake,https://ftp-env-public.gov.yk.ca/yukon.maps.arcgis.com/camprec/photo/SL1.jpg,No
51,N1,North Yukon,Campground,Tombstone,"The campground is often used as a base for travellers heading up the Dempster Highway or into Tombstone Territorial Park. Plan to arrive early as it usually  lls up quickly. A short foot trail connects the campground to the Tombstone Interpretive Centre (open seven days per week from late May to mid-September), which offers free interpretive walks, talks, and special events. Check the schedule posted and online. Several hiking trails begin at or near the campground. A one-kilometre, wheelchair-accessible interpretive trail leads from the centre to a beaver pond. Another trail loops from the campground, introducing you to the tundra. A third trail continues along the banks of the North Klondike River. For more information on day-hikes and routes throughout the park, visit yukonparks.ca and pick up a copy of the brochure A Guide to Tombstone Territorial Park",https://yukon.ca/sites/yukon.ca/files/env/env-tombstone-mountain-campground.pdf,https://yukon.ca/en/outdoor-recreation-and-wildlife/camping/site/tombstone-mountain,64.507,-138.221,https://yukon.ca/en/outdoor-recreation-and-wildlife/camping/site/tombstone-mountain,https://ftp-env-public.gov.yk.ca/yukon.maps.arcgis.com/camprec/photo/N1.jpg,Yes
52,W4,Whitehorse,Campground,Twin Lakes,"Surrounded by open aspen forest, the campground includes several sites that look out over the lake. The quiet lake is a great place to canoe, kayak, swim or fish. Hearing a loon call on a misty morning can be magical. There are several trails in the area.",https://yukon.ca/sites/yukon.ca/files/env/env-twin-lakes-campground.pdf,https://yukon.ca/en/outdoor-recreation-and-wildlife/camping/site/twin-lakes,61.705,-135.936,https://yukon.ca/en/outdoor-recreation-and-wildlife/camping/site/twin-lakes,https://ftp-env-public.gov.yk.ca/yukon.maps.arcgis.com/camprec/photo/W4.jpg,No
53,WL2,Watson Lake,Campground,Watson Lake,This campground lies on the south shore of Watson Lake. It is an ideal spot for weekend family camping and for visitors to the community of Watson Lake. There are two camping areas and a day-use area.,https://yukon.ca/sites/yukon.ca/files/env/env-watson-lake-campground.pdf,https://yukon.ca/en/outdoor-recreation-and-wildlife/camping/site/watson-lake,60.071,-128.818,https://yukon.ca/en/outdoor-recreation-and-wildlife/camping/site/watson-lake,https://ftp-env-public.gov.yk.ca/yukon.maps.arcgis.com/camprec/photo/WL2.jpg,Yes
54,W1,Whitehorse,Campground,Wolf Creek,"Situated in an old white spruce forest near Whitehorse, this campground is often busy with travellers and residents. Check the website for seasonal trends and consider a back-up option. The three-kilometre interpreted Yukon River Trail begins at the campground and passes through the boreal forest to a scenic view of the river. This section is wheelchair-accessible. The loop returns along Wolf Creek, where Chinook salmon spawn in late summer and early autumn. Visit the salmon fishway and interpretive site at the campground entrance. This is also a great place to spot forest birds. The shorter Escarpment Trail climbs to a sage and aspen-covered overlook of the Wolf Creek valley. Two cook shelters are available while the day-use area offers a playground, benches, picnic tables and fire pits for the whole family.",https://yukon.ca/sites/yukon.ca/files/env/env-wolf-creek-campground.pdf,https://yukon.ca/en/outdoor-recreation-and-wildlife/camping/site/wolf-creek,60.607,-134.943,https://yukon.ca/en/outdoor-recreation-and-wildlife/camping/site/wolf-creek,https://ftp-env-public.gov.yk.ca/yukon.maps.arcgis.com/camprec/photo/W1.jpg,Yes
55,KD5,Klondike,Campground,Yukon River,"This popular campground, across the river from Dawson City, is the largest in Yukon. It is enjoyed by residents and visitors for its proximity to town and access to a beach and the sternwheeler graveyard. The campground is accessible via a free ride on the George Black Ferry from mid-May to mid-October. From the viewing deck overlooking the Yukon River, look for peregrine falcons. The campground is especially busy during the Dawson City Music Festival in late July.",https://yukon.ca/sites/yukon.ca/files/env/env-yukon-river-campground.pdf,https://yukon.ca/en/outdoor-recreation-and-wildlife/camping/site/yukon-river,64.072,-139.439,https://yukon.ca/en/outdoor-recreation-and-wildlife/camping/site/yukon-river,https://ftp-env-public.gov.yk.ca/yukon.maps.arcgis.com/camprec/photo/KD5.jpg,Yes
